,label,class0 id,class0 name,class1 id,class1 name,keyword,sentence
0,1,1,부탁,0,부탁,인생의 중요한 부분인 좋은 친구,"친구를 만들려면 먼저 그 친구에게 자신과 같은 주제에 몰입하고 있음을 알게 하는 것이 중요합니다.서로의 호감을 갖게 하는 일, 별로 어렵지 않은 일이지만 중요하지요.좋은 친구는 인생의 중요한 부분이니까요."
1,1,1,부탁,0,부탁,자신만의 색깔,자꾸 남과 비교를 하다보면 세상에서 가장 작고 나약한 사람은 바로 내가 됩니다.비교를 하기보단 자신감을 가질 필요가 있습니다.○○○님만의 자신있는 색깔을 찾길 부탁드립니다.
2,1,1,부탁,0,부탁,자연 속에서 이슬과 함께 피어난 꽃,아무리 감추어도 매력은 드러나기 마련입니다.억지로 가꾸는 꽃보다 자연 속에서 이슬과 함께 피어난 꽃이 더 향기로운 법이니까요.좋은 사람들과 좋은 관계 많이 만드시기 바랍니다.
3,1,1,부탁,0,부탁,다른 사람 앞에 나서는 일,다른 사람 앞에 나서는 건 부끄러운 일이 아니라 자신의 멋진 모습을 보여줄 수 있는 절호의 기회입니다.마음을 가다듬고 좋은 기회가 왔다고 여기십시오.○○○님은 잘 해낼 수 있으리라 믿습니다.
4,1,1,부탁,0,부탁,다른 사람을 칭찬하고 위인을 존경하는 인품,필요 없는 자기 자랑은 자신의 가벼운 인격을 들어낼 뿐이죠.다른 사람을 칭찬하고 위인을 존경할 때 인품이 나오는 법입니다.좋은 자리에서 이 작은 법칙을 잊지마세요.
5,1,1,부탁,0,부탁,마지막 일이라고 여기는 오늘의 일,오늘 하는 일이 마지막 일이라고 생각한다면 내일로 미루는 일은 없을 것입니다.언제나 열심히 일하는 ○○○님의 열정이라면 걱정없겠지요.멋진 하루 보내십시오.
6,1,1,부탁,0,부탁,환절기 감기가 유독 심한 3월,"하루 동안에 쌀쌀한 초겨울 날씨였다가 4월의 봄날씨로 변하는 3월입니다.환절기 감기가 유독 심한 올해, ○○○님의 건강이 걱정되네요.부디 몸 건강하게 지내시기 바랍니다.그럼 안녕히 계세요."
7,1,1,부탁,0,부탁,깔끔한 결론을 내는 자신감가 결의,‘예’와 ‘아니오’를 분명히 할 줄 안다는 건 그만큼 자신감과 결의가 있다는 뜻일 것입니다.○○○님의 깔끔한 결론 부탁드립니다.
8,1,1,부탁,0,부탁,일찍 찾아온 봄볕,잠시 따뜻했던 봄날씨가 주말에 비가 내리고 나면 다시 기온이 내려간다고 합니다.일찍 찾아온 봄볕을 너무 믿지 마시고 따뜻하게 입으시고 외출하세요.즐거운 주말 보내십시오.
9,1,1,부탁,0,부탁,명예와 명성,아무리 돈도 좋지만 사람은 명예가 있어야 한다고 봅니다.명예가 없다면 돈도 권력도 하찮아 보이니까요.○○○님의 명예와 명성이 언제나 빛나길 기원합니다.
10,1,1,부탁,0,부탁,신뢰를 얻는 이야기,상대방과의 화제를 맞춰가며 이야기를 하는 것이 신뢰를 얻는 방법 중 하나라고 합니다.재밌는 얘기도 좋지만 공감가는 이야기가 더 좋겠지요?좋은 이야기 많이 부탁드립니다.
11,1,1,부탁,0,부탁,어린아이에게도 사과를 할 줄 아는 멋진 어른,잘못을 했으면 어린아이에게도 사과를 할 줄 알아야 하는 것이 멋진 어른이라 할 수 있겠지요.어른도 가끔은 실수를 하니까요.○○○님의 멋진 모습을 보여주세요~
12,1,1,부탁,0,부탁,두려움을 떨쳐내고 앞으로 나아가는 일,성공을 하든 실패를 하든 모든 일은 미래로 향하고 미래를 결정하게 되어 있습니다.중요한 건 단지 두려움을 떨쳐내고 앞으로 나아가는 거지요.○○○님은 잘 해내리라 믿습니다.
13,1,1,부탁,0,부탁,마음을 열게 하는 매력적인 말투와 표정,아무리 못생긴 사람도 누구도 흉내낼 수 없는 매력이 있기 마련입니다.○○○님은 더더욱 매력적인 말투와 표정이 사람의 마음을 열게 하지요.그런 장점을 적극 활용하시기 바랍니다.그럼 좋은 하루 보내세요.
14,1,1,부탁,0,부탁,모든 책임을 지겠다는 신념,모든 일에는 원인과 결과가 있지만 이번 일만큼은 모든 책임을 지겠다는 신념으로 행한다면 못할 일이 없을 것입니다.좋은 결과가 있길 바랍니다.
15,1,1,부탁,0,부탁,깨끗하게 승복하는 용기 있는 모습,솔직하게 졌다고 말하기가 부끄러워 자꾸만 핑계를 대는 것은 더 부끄러운 일이지요.깨끗하게 승복하는 ○○○님의 용기있는 모습을 기대합니다.좋은 밤 되십시오.
16,1,1,부탁,0,부탁,현실적으로 잡는 목표의 중요성,목표를 현실적으로 잡는 것도 계획을 세울 때 중요한 부분입니다.꿈은 크게 잡아도 이룰 수 있어야 꿈을 이뤘다고 말 할 수 있을테니까요.○○○님의 멋진 꿈을 기원합니다.
17,1,1,부탁,0,부탁,여행을 다녀온 후에 사진과 함께 적는 기행문,책을 읽으면 독후감을 쓰듯이 여행을 다녀온 후에 사진과 함께 적는 기행문은 나중에 보면 참 훌륭한 역사가 되지요.이번 여행도 좋은 역사 많이 남겨보시기 바랍니다.
18,1,1,부탁,0,부탁,적극적인 참여를 부탁,"바로 지금의 나, 지금 이 순간이 출발점이라 생각하신다면 지체할 여력이 없습니다.일어나 달려야할 때입니다.○○○님의 적극적인 참여를 부탁드립니다."
19,1,1,부탁,0,부탁,승자와 패자의 잘못,승자는 자기 잘못이라고 말하지만 패자는 남의 잘못이라고 말합니다.승패를 떠나 부디 ○○○님이 끝까지 웃는 날이 오기를 기원합니다.힘내십시오.
20,1,1,부탁,0,부탁,하루종일 기분 좋게 하는 멋진 시,멋진 시 한 편이 하루종일 기분 좋게 하고 훌륭한 사람의 일대기는 일생을 변화하게 하지요.언제나 자신의 일에 열정적이신 ○○○님께 존경심을 보내며 오늘 하루도 편하게 보내시길 바랍니다.
21,1,1,부탁,0,부탁,기분 좋은 조언,조언도 기분좋게 받아들일 때 효력이 있다지요.○○○님의 좋은 말씀 마음으로 감사히 받았습니다.더욱 열심히 하겠습니다.
22,1,1,부탁,0,부탁,바람이 차고 기온이 낮은 날,오늘따라 바람이 차고 기온이 낮습니다.감기가 어서 나으시길 바랍니다. 따뜻한 물 많이 마시고요.편안한 오후 보내세요.
23,1,1,부탁,0,부탁,마음 깊은 곳에서 우러나오는 감동의 음악,음악은 사람의 마음을 평화롭게 하고 사랑의 감정을 들게 하지요.마음 깊은 곳에서 우러나오는 감동의 음악 잘 들었습니다.앞으로도 좋은 음악 기대하겠습니다.
24,1,1,부탁,0,부탁,친절한 설명,잦은 질문에도 친절히 설명해주셔서 감사드립니다.잘 모르는 부분이 많은데 앞으로 더욱 열심히 노력하겠습니다.감사합니다.
25,1,1,부탁,0,부탁,미숙한 일 처리,아직 미숙한 일처리에 부담을 드려 죄송합니다.앞으로 잘 부탁드립니다.
26,1,1,부탁,0,부탁,심한 폭우가 쏟아지는 휴가철,내일까지 심한 폭우가 쏟아진다고 하네요.휴가라고 하시던데 무리하지 마시고 안전하고 즐거운 휴가 보내시기 바랍니다.
27,1,1,부탁,0,부탁,점심이 다 되어가도 머물러 있는 아침 안개,아침부터 잔뜩 낀 안개가 점심이 다 되가는데도 머물러 있네요.조심 운전하시고 여유있는 하루 보내시기 바랍니다.
28,1,1,부탁,0,부탁,야외로 나가고 싶은 충동을 느끼게 하는 따뜻한 햇살,아직 꽃이 피려면 멀었는데 따뜻한 햇살은 자꾸만 야외로 나가고 싶은 충동을 만드네요.꽃피는 4월이 오면 찾아뵙겠습니다.그럼 감기 조심하시고 항상 건강하세요.
29,1,1,부탁,0,부탁,하얀 눈이 내려와 올해를 정리하게 되는 오후,하얀 눈이 내려와 올해를 하얀 마음으로 정리하게 되는 오후입니다.며칠 안남은 12월은 이렇게 정리와 반성의 시간이 될 듯 하네요.○○○님도 보람찬 하루하루 만들어가시기 바랍니다.
30,1,1,부탁,0,부탁,오랜 봄 가뭄에 자주 들리는 산불 소식,오랜 봄가뭄에 산불 소식이 자주 들리네요.이번 주말 예정된 등산도 조심해서 잘 다녀오시고 활기찬 한 주 맞이하시기 바랍니다.
31,1,1,부탁,0,부탁,꽃샘추위에 온몸이 으실으실 떨리는 3월,3월이라고 얇은 봄옷을 입고 멋을 냈더니 꽃샘추위에 온몸이 으실으실 떨리네요.이번 주까지는 춥다고 하니 따뜻하게 보내시기 바랍니다.좋은 주말 보내세요.
32,1,1,부탁,0,부탁,여름철 건강관리가 걱정되는 장마철,"장마가 길어져서인지 여름철 건강관리가 걱정됩니다.물은 꼭 끓여서 드시고 외출 시에는 손을 깨끗하게 씻어야 하겠습니다.축축한 장마철, 건강하게 나시기 바랍니다."
33,1,1,부탁,0,부탁,학창시절 즐겨듣던 음악이 나오는 거리,학창시절 즐겨듣던 음악이 나오는 거리를 걷다가 문득 추억에 사로잡혀서는 ○○○님과 함께 했던 그 날들이 사뭇치게 그리워졌습니다.날이 풀리면 그 길을 한번 같이 걷고 싶네요.항상 건강하십시오.
34,1,1,부탁,0,부탁,연초에 세웠던 계획과 결실,12장은 어디로 가고 이제 한 장 남은 달력이 쓸쓸하게 남아 있네요.연초에 세웠던 계획과 결실이 멋있게 이뤄지길 바랍니다.감사합니다.
35,1,1,부탁,0,부탁,반가운 얼굴 편안한 느낌,늘 반가운 얼굴로 맞아주셔서 항상 편안한 느낌입니다.그 따뜻한 마음에 저 또한 많이 배우고 있답니다.부족한 면 있다면 지금처럼 잘 가르쳐주세요.
36,1,1,부탁,0,부탁,오랜만에 대지를 적시는 반가운 비,지친 마음을 위로하듯 오랜만에 대지를 적시는 비가 반가운 오후입니다.매마른 봄을 충분히 적셔줬으면 하는 바램을 가지며 내일 뵐 땐 더 좋은 모습으로 만났으면 합니다.감사합니다.
37,1,1,부탁,0,부탁,연일 계속 되는 물놀이 사고 소식,더운 날이 계속 되어 뉴스에는 연일 물놀이 사고 소식이 전해지고 있습니다.안전하고 즐거운 휴가 다녀오시기 바랍니다.
38,1,1,부탁,0,부탁,봄이 되어 노곤한 몸,봄이 되니 밖에 나가도 따뜻하고 좋지만 노곤한 몸이 겨울처럼 바짝 일하기가 힘드네요.가볍게 운동이라도 하시면서 즐거운 봄날 만들어 나가시기 바랍니다.
39,1,1,부탁,0,부탁,아침이 되면 부끄러워 찢어버리는 연애편지,밤이 되면 사람들은 감성적으로 변해서 밤새 쓴 연애편지를 아침이 되면 부끄러워 찢어버린다고 하죠.부디 오늘밤 이야기는 내일 아침엔 부끄러워하지 않으시길 바랍니다.편히 주무세요.
40,1,1,부탁,0,부탁,해맑은 웃음을 짓고 있는 사진 속 모습,사진 속에서 웃는 ○○○님의 모습은 여전히 해맑은 웃음을 짓고 있네요.그 웃음이 변치 않으셨길 바라며 다음에 다시 만나길 기원합니다.늘 감사 드립니다.
41,1,1,부탁,0,부탁,후회 없는 2월 맞이,다음 주면 벌써 새해가 밝아온 지 한 달이 지나 2월이네요.새해 계획이 한 달 동안 잘 지켜지셨는지 모르겠습니다.후회 없는 새 달 맞이하시기 바랍니다.
42,1,1,부탁,0,부탁,모든 것이 축축하고 눅눅한 장마철,긴 장마가 이어져 모든 것이 축축하고 눅눅합니다.물은 꼭 끓여 드시고 곰팡이가 생기지 않도록 주의하세요.다음주의 봅시다.
43,1,1,부탁,0,부탁,추억에 사로잡히게 하는 오래 전 음악,오래 전 듣던 음악이 나오면 운전을 하다가도 추억에 사로잡히기 되지요.○○○님과 함께 걷던 거리를 다시 한번 찾아보고 싶은 봄이 왔습니다.시간이 나시면 꼭 한번 같이 하고 싶습니다.연락주세요.
44,1,1,부탁,0,부탁,여름철 건강관리,날이 너무 더워 자꾸만 차가운 것만 먹게 됩니다.이럴 때일수록 여름철 건강관리가 필요하지요.배탈 조심하시고 남은 여름 건강하게 나세요.
45,1,1,부탁,0,부탁,겨울의 심술처럼 내리는 3월의 눈,3월이 되어서도 내리는 눈은 겨울을 심술처럼 느껴집니다.아직은 많이 추우니 따뜻한 옷차림 하세요.감사합니다.
46,1,1,부탁,0,부탁,지난 한 해를 돌아보게 하는 겨울 바다,겨울 바다는 차가운 바람과 함께 지난 한 해를 돌아보게 하지요.남은 한 해 후회없이 보낼 수 있도록 기분 좋은 마무리 하시기 바랍니다.새해 복 많이 받으세요.
47,1,1,부탁,0,부탁,연휴라서 교외로 빠져나가는 많은 차들,연휴라서 그런지 많은 차들이 교외로 빠져나가네요.○○○님도 가족과 함께 휴식을 취하러 가신다더니 좋은 하루 보내셨겠지요?다음주에 다시 뵙겠습니다.
48,1,1,부탁,0,부탁,겨울의 흔적이 남아 있는 3월 첫 주말,아직 겨울의 흔적이 남아 있는 3월 첫 주말입니다.환절기 감기 조심하시고 황사가 심하니 외출할 때 특히 유의하시기 바랍니다.항상 건강하세요.
49,1,1,부탁,0,부탁,좋은 만남을 기대하는 봄,이미 결혼을 한 친구는 행복한 얼굴로 하루하루를 보내고 있네요.저도 그렇게 올 봄에는 좋은 만남을 기대하고 있습니다.○○○님의 많은 도움 기대합니다.
50,1,1,부탁,0,부탁,흐린 창문 너머로 보이는 안개 낀 풍경,"흐린 창문 너머로 보이는 안개 낀 풍경은 유년 시절의 추억을 떠올리게 합니다.어릴 적 함께 뛰어 놀던 친구들과 강아지와 그 때의 골목, 그리고 그 동네... 다시 돌아갈 순 없겠지만 입가엔 어느새 웃음이 나네요.흐리지만 즐거운 하루 보내세요."
51,1,1,부탁,0,부탁,흰눈이 내려와 더욱 흥겨운 연말 분위기,흰눈이 내려와 연말 분위기를 더욱 흥겹게 하네요.내일 ○○○님과의 만남이 더욱 기대됩니다.그럼 좋은 밤 보내세요.
52,1,1,부탁,0,부탁,형제처럼 정을 나누는 동료,"회사 동료는 친구와는 달라서 매일 같은 사무실에 있어도 어떤 거리감이 있네요.○○○님은 그래도 친구처럼, 때론 형제처럼 정을 나눌 수 있어 좋습니다.좋은 하루 보내세요."
53,1,1,부탁,0,부탁,예의와 품위의 매력,사람이 매력있다는 것은 겉모습만이 아닌 예의와 품위가 아닐까요?매력적인 ○○○님과의 아름다운 만남을 감사하게 생각하며 이만 줄입니다.
54,1,1,부탁,0,부탁,전선줄 위에 앉은 참새들,전선줄 위에 앉은 참새들은 나름대로 바쁘게 하루를 보내고 있는 거 같습니다.저도 이리저리 바쁜 하루를 보내다보니 휴식이 필요하네요.○○○님과 함께 떠나는 여행을 상상해봅니다.연락 기다리겠습니다.
55,1,1,부탁,0,부탁,해만 바라보다 하루를 보내는 노란 해바라기,노란 해바라기는 해만 바라보다 하루를 다 보내지요.○○○님의 연락을 기다리는 저도 해바라기 같네요.꼭 연락주세요.
56,1,1,부탁,0,부탁,여름이 지나감을 느끼게 되는 푸른 강물,푸른 강물을 바라보며 올 여름도 다 지났음을 느끼게 됩니다.다가오는 가을엔 보다 좋은 추억과 아름다운 기억만 새겼으면 좋겠네요.남은 여름 건강하게 보내시기 바랍니다.
57,1,1,부탁,0,부탁,봄이 오면 함께 산에 오르기로 한 약속,봄이 오면 함께 산에 오르기로 한 약속 잊지 않으셨지요?날이 많이 따뜻합니다.좋은 날 골라서 함께 산에 올라 호연지기를 느낄 수 있었으면 좋겠습니다.
58,1,1,부탁,0,부탁,힘겨운 피로감을 느끼는 하루,긴 하루의 끝은 언제나 힘겨운 피로감뿐입니다.몸에 좋은 뭔갈 먹어야 할까요?○○○님의 조언을 부탁드립니다.
59,1,1,부탁,0,부탁,졸음이 몰려오는 봄날의 오후,"점심 시간에 잠깐씩 자는 것도 머리를 맑게 해준다고 합니다.봄날의 오후, 몰려오는 졸음 참지 마시고 잠시 눈을 붙여보세요.남은 시간이 편안해질 것입니다."
60,1,1,부탁,0,부탁,슬픈 영화를 보고 난 후의 감정,슬픈 영화를 보고 난 후의 감정은 잠시겠지만 기억은 오래 남는 것 같습니다.다음 번엔 ○○○님과 함께 영화를 보며 많은 이야기를 나누고 싶네요.시간 나시면 꼭 연락주세요.기다리겠습니다.
61,1,1,부탁,0,부탁,저녁이 되니 도로에 늘어난 차량들,저녁이 되니 도로에 차량이 많이 늘었네요.내일이 휴일이라서 오늘 다들 어디론가 놀러가나 봅니다.○○○님도 운전 조심하시고 긴 연휴 편안히 즐기시기 바랍니다.
62,1,1,부탁,0,부탁,흥겨운 노랫소리가 들여와 기분 좋은 오후,흥겨운 노랫소리가 들려와 기분 좋은 오후를 보내고 있습니다.어려운 일도 차분하게 생각하면 기분 좋게 해결할 수 있는 법입니다.파이팅 한번 외치고 남은 하루 보내시기 바랍니다.
63,1,1,부탁,0,부탁,타산지석으로 삼는 좋은 선택,비가 온 뒤에 땅이 굳고 폭풍우가 지난 후에 맑은 햇살이 비추는 법입니다.부디 이번 일을 타산지석으로 삼아 더 좋은 선택을 하시길 부탁드립니다.그럼 다시 한번 연락주세요.
64,1,1,부탁,0,부탁,젊었을 때의 기량과 담대함,젊었을 때의 기량과 담대함이 많이 사라진 듯 하네요.○○○님의 건투를 빕니다.
65,1,1,부탁,0,부탁,아침에 먹는 사과,밤에 먹는 사과는 독이고 아침에 먹는 사과는 약이라고 합니다.선선한 가을날 아침에 사과 하나 드시고 힘찬 하루 보내세요.
66,1,1,부탁,0,부탁,작은 일에 더욱 조급해지고 소심한 나이,나이가 들수록 작은 일에 더욱 조급해지고 소심해지는 듯 합니다.용기를 잃지 마세요.
67,1,1,부탁,0,부탁,아이를 맡기고 볼 일을 보는 일,아이를 맡기고 볼 일을 보는 것은 참 불안하고 조급한 마음이 들게 되지요.그래도 ○○○님께 맡겨 다행입니다.힘드시겠지만 잘 돌봐주세요.
68,1,1,부탁,0,부탁,실패를 한 후의 생활,이번 계획이 실패를 한 후 생활이 별로 좋지 않아 보이네요.하지만 ○○○님을 믿고 의지하는 사람들을 생각하며 다시 한번 힘을 내주시길 바랍니다.꼭 일어서는 것을 보고 싶네요.
69,1,1,부탁,0,부탁,버스 차창에 붙은 젖은 꽃잎,비에 젖은 꽃잎이 버스 차창에 붙어 지나가는 봄을 말해주네요.짧은 봄이 지나가지만 더운 여름이 와도 우리의 이야기는 계속 되겠지요?계속 연락 주시기 바랍니다.
70,1,1,부탁,0,부탁,적당한 음식과 알맞은 걷기,운동은 시간을 내서 하는 것이 아니라 평상시에 적당한 음식과 알맞은 걷기가 최고인 것 같습니다.과식하지 마시고 생활 속에서 운동하시면서 건강 유지하세요.
71,1,1,부탁,0,부탁,머리가 좋아지는 아침밥,아침밥을 먹으면 건강에도 좋지만 머리가 좋아진다고 하지요?아침밥 거르지 말고 꼭꼭 챙겨 드세요.건강이 제일입니다.
72,1,1,부탁,0,부탁,옛 추억이 생각나서 맥을 못 추는 비오는 날,비가 오는 날이면 맥을 못 추는 이유가 옛 추억이 생각나서일까요?오늘 밤은 술 한 잔 하고 싶네요.이따 저녁에 전화 주세요.
73,1,1,부탁,0,부탁,포근해진 날씨에 개구리가 튀어나오는 경칩,날이 포근해진 걸 알고 개구리가 튀어나온다고 하는 경칩이네요.지난 겨울 동안 잘 봐주셔서 감사합니다.올 봄에도 계속 좋은 말씀 기대하겠습니다.
74,1,1,부탁,0,부탁,많이 추워진 날씨에 건강 조심,새벽에는 추위에 잠을 깨었네요.많이 추워진 날씨에 건강 조심하셔야겠습니다.그럼 오늘도 행복한 하루 보내세요.
75,1,1,부탁,0,부탁,긴 겨울밤을 지내고 나온 아침,긴 겨울밤을 지내고 나온 아침은 더욱 춥게 느껴지네요.올 겨울에는 분명 좋은 소식이 있을 거라고 믿습니다.자신감을 갖고 당당히 일어서시기 바랍니다.
76,1,1,부탁,0,부탁,해외여행을 가는 많은 사람들이 공항에 인산인해를 이루는 모습,해외여행을 가는 많은 사람들이 공항에 인산인해를 이루는 모습을 뉴스로 보았습니다.○○○님의 이번 여행도 건강히 다녀오시고 위험한 곳에는 절대 가지 마세요.돌아오시면 연락주시고요.
77,1,1,부탁,0,부탁,마음이 허해지는 늦여름 바닷가,많은 사람들이 몰려왔다가 사라진 늦여름 바닷가를 거닐다 보면 마음이 허해지는 느낌이 들곤 합니다.그 마음을 위로하는 전화라도 해주시면 좋겠습니다.외로운 날입니다.
78,1,1,부탁,0,부탁,제법 추위가 느껴지는 11월,밤사이 기온이 많이 내려가 제법 추위가 느껴지는 11월입니다.겨울이 오기 전에 어서 월동준비 해야겠습니다.안전에 유의하시고 따뜻한 하루 보내세요.
79,1,1,부탁,0,부탁,봄이 오면 소풍 가기로 한 약속,긴 겨울이 끝나가는 듯 한낮에는 많이 포근해졌네요.따뜻한 봄이 오면 함께 소풍을 가기로 한 거 잊지마세요.좋은 하루 되시고요.
80,1,1,부탁,0,부탁,비가 올 것 같은 오후,하늘색은 점점 회색으로 변하면서 비가 올 것 같은 오후입니다.저녁 모임 있으시다니 내일을 위해 조금 일찍 들어가시길 바랍니다.즐거운 시간 되세요.
81,1,1,부탁,0,부탁,공항에 마중 나오는 부탁,긴 기다림의 시간동안 상상해왔던 이번 여행은 정말 꿈만 같네요.돌아가면 꼭 ○○○님께 제일 먼저 이야기를 전해드리고 싶어요.공항에 마중 나와 있기를 기대합니다.
82,1,1,부탁,0,부탁,창가를 두드리는 차가운 바람,차가운 바람이 불어와 창가를 두드리네요.오늘밤도 편하게 잠을 자기는 힘들 것 같습니다.○○○님은 편안한 잠자리가 되시길 바랍니다.
83,1,1,부탁,0,부탁,멋진 시를 쓰고 싶은 마음,봄볕은 겨울 동안 닫혔던 마음을 열어주는 마법과 같아요.○○○님께 멋진 시를 써드리고 싶은 마음이 생기네요.이 마음 받아 주실거죠?
84,1,1,부탁,0,부탁,처마 끝에 주렁주렁 매달린 고드름,처마 끝에 주렁주렁 매달린 고드름이 차가운 겨울을 말해주네요.감기 조심하시고 다가오는 주말에도 큰 눈이 온다고 하니 철저히 준비하시기 바랍니다.좋은 하루 되세요.
85,1,1,부탁,0,부탁,더운 여름 물놀이 사고 소식,더운 여름이 계속 되다보니 물놀이 사고 소식이 계속 들리네요.여행 가셔서 안전하게 쉬고 오시길 바랍니다.그럼 돌아오시면 꼭 연락주세요.
86,1,1,부탁,0,부탁,비가 많이 내리는 날 안전 운전,자동차는 빨리 가기 위해서가 아니라 안전하게 가기 위해서 있다고 합니다.오늘 같이 비가 많이 내리는 날에는 더욱 속도를 줄이고 안전하게 운전하시기 바랍니다.기쁜 하루 되십시오.
87,1,1,부탁,0,부탁,불규칙한 날씨에 염려되는 건강,오후가 되니 바람이 세차게 불고 곧 비가 올 듯 합니다.불규칙한 날씨에 ○○○님의 건강이 염려되네요.댁에서 편안히 보내시길 바랍니다.
88,1,1,부탁,0,부탁,전화를 기다리는 밤,"밤은 깊어가고 달빛은 더욱 밝아지고 있네요.이 밤, 깨어 있으시면 전화를 주시겠어요?○○○님의 전화를 기다리며 오늘밤을 보내겠습니다."
89,1,1,부탁,0,부탁,좋은 소식을 안고 돌아오길 바라는 마음,희미한 가로등 아래 쉬고 있는 사람들이 참 슬퍼 보이는 늦가을입니다.○○○님을 생각하며 저 또한 슬픈 얼굴을 하게 되네요.부디 좋은 소식을 안고 돌아오시길 바랍니다.
90,1,1,부탁,0,부탁,오묘한 가을빛,가을빛은 참 오묘합니다.금빛이었다가 보랏빛으로 바뀌더니 저녁이 되니 붉은 석양을 받아 온통 석류빛이네요.○○○님만의 아름다운 가을빛을 보여주시길 기대합니다.
91,1,1,부탁,0,부탁,인내심이 더욱 필요한 더운 여름,날은 점점 더워지고 짜증은 더 자주 나네요.이런 날일수록 인내심이 더욱 필요한 듯 합니다.조금씩만 양보하는 여름 보내십시오.
92,1,1,부탁,0,부탁,찹쌀떡을 파는 사람의 청명한 목소리,"추운 겨울 골목길을 누비며 찹쌀떡을 파는 사람의 청명한 목소리가 방안까지 들어오는 밤입니다.차가운 겨울밤, 멋진 내일을 꿈꾸시기 바랍니다."
93,1,1,부탁,0,부탁,새벽 기도를 나가는 사람들의 부지런한 발자국 소리,새벽 기도를 나가는 사람들의 부지런한 발자국 소리가 떠오르는 태양빛에 더욱 아름답게 들립니다.○○○님의 힘찬 발걸음 기대하겠습니다.
94,1,1,부탁,0,부탁,자유롭게 살고 싶다는 생각,어디론가 바쁘게 날아가는 새를 보면 저도 자유롭게 살고 싶다는 생각이 절로 듭니다.깊은 생각이 하늘로 향하는 가을날 좋은 소식 부탁드립니다.
95,1,1,부탁,0,부탁,쌓여 가는 눈과 악화되는 도로 사정,눈은 점점 쌓여가고 도로 사정은 악화되고 있습니다.늦게 가더라도 조심해서 운전하시길 바랍니다.도착하면 꼭 전화주세요.
96,1,1,부탁,0,부탁,사랑의 마음을 전하는 편지,사랑의 마음을 전하는 편지 속에 예쁜 꽃잎을 넣는 손길을 기억합니다.꽃잎의 향기가 영원하진 않겠지만 그 마음은 영원하길 기대합니다.
97,1,1,부탁,0,부탁,발전된 모습으로 만나는 모임,이번 모임도 우여곡절이 많았지만 ○○○님의 배려로 참 좋은 만남이었습니다.다음 모임도 더 발전된 모습으로 이뤄지길 기대합니다.수고 많으셨습니다.
98,1,1,부탁,0,부탁,여행에서도 느낀 점,이번 여행에서도 느낀 점이 많네요.○○○님의 넓은 마음으로 한층 세상을 아름답게 보았습니다.함께 해주신 점 감사드립니다.
99,1,1,부탁,0,부탁,다음 번 모실 수 있는 기회,○○○님 덕분에 좋은 시간 가졌습니다.다음 번에는 저희가 모실 수 있는 기회를 주셨으면 좋겠네요.감사합니다.
100,1,1,부탁,0,부탁,간사한 사람의 마음,사람의 마음은 참 간사해서 부탁할 땐 웃음이 지어지는 것 같아요.○○○님께 감사의 인사를 드리며 여행 다녀올 때 좋은 선물로 대접하겠습니다.건강하십시오.
101,1,1,부탁,0,부탁,여행 기간 동안 맡긴 강아지,이번 여행도 긴 시간이 될 것 같네요.저희 강아지가 말썽 부리지 않고 잘 있었으면 좋겠네요.힘드실텐데 맡아주셔서 감사합니다.
102,1,1,부탁,0,부탁,사람의 인정이 느껴지는 만남,인터넷으로 쉽게 만나고 쉽게 헤어지는 요즘 사람들의 만남은 너무 소비적이 아닌가 생각이 듭니다.사람의 인정이 느껴지는 만남을 기대하며 이만 줄입니다.
103,1,1,부탁,0,부탁,길고 가늘게 내리쬐는 가을 햇살,가을 햇살은 지난 여름과는 달리 길고 가늘게 내리쬐고 있습니다.이렇게 아름다운 요즘 저에게 잠시 시간을 내주시면 함께 즐거운 저녁을 하고 싶네요.○○○님의 답장을 기다립니다.
104,1,1,부탁,0,부탁,그리운 마음이 전해지는 편지,언제부턴가 가을이 되면 누군가에게 편지를 쓰고 싶은 생각이 들곤 합니다.○○○님이 저의 엽서라도 받아주시겠어요?그리운 마음이 전해지도록 말이죠...
105,1,1,부탁,0,부탁,눈 때문에 미끄러운 도로,눈은 그쳤지만 미끄러운 도로 사정이 걱정이네요.안전하게 가는 것이 중요한 만큼 천천히 양보 운전하면서 가시기 바랍니다.수고하세요.
106,1,1,부탁,0,부탁,어렵게 섭외한 장소 참석 부탁,협소한 장소지만 그래도 어렵게 섭외한 장소니 꼭 참석해주시길 부탁드립니다.○○○님의 방문을 손꼽아 기다리겠습니다.그럼 안녕히 계십시오.
107,1,1,부탁,0,부탁,많은 사람들이 불참한 모임,많은 사람들이 오늘 모임을 불참했지만 그래도 어려운 시간 내셔서 오신 분들이 많아 다행입니다.다음 번에는 더 많은 분들이 오셔서 즐거운 시간 가졌으면 합니다.편안한 밤 되세요.
108,1,1,부탁,0,부탁,심하게 부는 바람과 모진 날씨,심하게 부는 바람과 모진 날씨가 오늘 모임을 취소하게 했지만 다음 주에는 꼭 참석하셔서 함께 좋은 의논을 했으면 합니다.꼭 나오시기 바라며 오늘 하루도 좋은 시간 보내세요.
109,1,1,부탁,0,부탁,시간을 맞추기 어려운 날,서로 시간이 맞지 않아 이번엔 만나지 못했지만 다음엔 꼭 함께 술 한 잔 했으면 좋겠습니다.꼭 전화 주세요.
110,1,1,부탁,0,부탁,바쁜 시간,바쁘신데 오늘도 시간 내주셔서 감사드립니다.다음 번 뵐 땐 꼭 제가 안내해드리도록 하지요.한번 방문해주세요. 감사합니다.
111,1,1,부탁,0,부탁,멋진 사진을 남긴 여행,멋진 사진을 남기며 이번 여행도 많은 것을 배울 수 있었던 시간이었습니다.다음 번에는 꼭 ○○○님과 함께 갔으면 좋겠습니다.같이 가실거죠?
112,1,1,부탁,0,부탁,몸은 떨어져 있어도 마음은 하나,몸은 떨어져 있어도 마음은 늘 하나가 되어 함께 했으면 바랍니다.늘 당신 걱정 하고 있는 저를 기억해주세요.
113,1,1,부탁,0,부탁,걱정과 설레임의 사랑 고백,"사랑의 고백은 늘 설레임과 걱정, 불안, 고민을 하게 하지요.마음 속 그 사람과 잘 되길 빌어주시겠어요?○○○님의 도움을 기대하며 이만 줄입니다."
114,1,1,부탁,0,부탁,비가 오락가락 하며 불쾌지수를 높인 날,비가 오락가락 하며 불쾌지수를 높여 하루종일 짜증이 붙어 다닌 하루였습니다.혹시 제가 오늘 실수한 것이 있다면 넓은 마음으로 용서해주시고 내일은 활짝 웃는 얼굴로 뵙겠습니다.오늘 하루 수고하셨습니다.
115,1,1,부탁,0,부탁,사랑하는 사람의 마음을 잡는 어려움,어려운 문제를 풀고 난 후의 기쁜 마음처럼 사랑하는 사람의 마음을 잡기란 쉽지 않네요.좋은 말씀 많이 부탁드립니다.
116,1,1,부탁,0,부탁,입시 전날의 수험생처럼 떨리는 마음,입시 전날의 수험생처럼 떨리는 마음으로 오늘 하루를 보내고 있네요.내일은 꼭 합격 소식을 전해주시길 바랍니다.
117,1,1,부탁,0,부탁,작은 일에도 마음 졸이는 소심한 사람,작은 일에도 마음 졸이는 소심한 사람이지만 그래도 ○○○님의 조언을 받고 싶네요.허심탄회한 조언과 심사 부탁드립니다.
118,1,1,부탁,0,부탁,건강이 재산,급하다고 너무 무리하지 마시고 건강에 유의하시기 바랍니다.건강이 재산입니다.그럼 행운을 빕니다.
119,1,1,부탁,0,부탁,세찬 비바람이 불어와 잠을 이루기 어려운 밤,세찬 비바람이 불어와 잠을 이루기 어려운 밤입니다.내일 아침엔 날이 화창했으면 좋겠네요.일어나시면 전화주세요.
120,1,1,부탁,0,부탁,건강을 유지하는 야근,야근도 적당히 해야 건강을 유지하고 업무 능률도 높아진다고 합니다.너무 무리하지 마시고 저녁 식사 맛있게 하세요.먼저 퇴근합니다.
121,1,1,부탁,0,부탁,기분 좋게 치르는 시험,시험은 늘 부담스럽지만 헤쳐나와야할 몫이지요.기분 좋게 치르고 좋은 결과 있으시길 바랍니다.힘내세요.
122,1,1,부탁,0,부탁,좋은 가을 기분 좋은 독서 시간,몇 천년을 이어져온 지식은 책이 있어 가능했지요.마음의 키가 한 뼘이라도 클 수 있도록 이 좋은 가을 기분 좋은 독서 시간 가져보세요.
123,1,1,부탁,0,부탁,사진으로 담는 아름다운 추억,아름다운 추억은 오래오래 남도록 사진으로 많이 담아놓으세요.시간이 많이 지난 후에 함께 웃으며 이 시절을 추억했으면 합니다.좋은 시간 되시길...
124,1,1,부탁,0,부탁,추운 날의 술자리,이렇게 추운 날에 술을 많이 마시면 위험합니다.조금만 마시고 일찍 귀가하시기 바랍니다.즐거운 저녁 되세요.
125,1,1,부탁,0,부탁,대중교통을 이용하는 오후,오후엔 큰 비가 온다고 합니다.안전하게 대중교통을 이용하시고 차는 집에 두고 가세요.그럼 이만.
126,1,1,부탁,0,부탁,만나고 싶은 사람을 부르는 마음,"꼭 만나고 싶은 사람은 마음으로 간절히 바라며 부르면 결국 만나게 된다고 하던데, 언제쯤 오실 지 꼭 연락주세요.오래동안 기다리고 있답니다."
127,1,1,부탁,0,부탁,보고 싶은 마음,이렇게 보고 싶은 마음이 거기까지 전해질 수 있을까요?다시 뵙게 되면 꼭 안아주세요.이 그리움을 다 전할 수 있도록 말이죠.
128,1,1,부탁,0,부탁,생활 속에서 느끼고 즐기는 예술,예술은 생활 속에서 느끼고 즐겨야지 너무 부담을 갖지 않았으면 좋겠습니다.기분 좋은 상상으로 기분 좋은 작품 많이 만드시기 바랍니다.
129,1,1,부탁,0,부탁,우리를 기다려주지 않는 시간,시간은 절대 우리를 기다려주지 않습니다.누구에게나 똑같이 주어져야 하니까요.아깝지 않은 시간 보내시기 바랍니다.
130,1,1,부탁,0,부탁,운동과 약,아프시다고 너무 약에만 의지하면 안됩니다.조금씩 움직이며 운동을 하면서 약도 드셨으면 좋겠습니다.쾌차하시기를 기원합니다.
131,1,1,부탁,0,부탁,멋보다 건강이 우선,환절기라서 그런지 감기 환자가 급증하고 있다고 합니다.멋보다는 건강이 우선이므로 따뜻하게 입고 다니시기 바랍니다.
132,1,1,부탁,0,부탁,용기를 북돋는 좋은 말,남자라면 누구나 가는 군대라지만 본인에게는 무척 힘든 시간임에 분명합니다.건강하게 다녀올 수 있도록 용기를 북돋는 좋은 말 많이 해주시기 바랍니다.
133,1,1,부탁,0,부탁,따뜻한 말과 기분 좋은 미소,"외롭다는 것은 누구나 힘든 일입니다.주변의 동료에게 따뜻한 말 한마디, 기분 좋은 미소 한번 지어주는 하루 되시기 바랍니다."
134,1,1,부탁,0,부탁,부모의 관심과 사랑,아이들은 언제나 부모의 관심과 사랑을 받고 싶어한다고 합니다.눈을 맞추치고 따뜻한 대화로 사랑을 나눠주세요.
135,1,1,부탁,0,부탁,거세게 불어오는 바람,거세게 불어오는 바람에 거리의 입간판들이 흔들리고 무언가 부딪치는 소리가 들려오는 장마철입니다.안전 사고 주의하시고 주변 환경 다시 한번 점검하는 시간 만들어보시기 바랍니다.
136,1,1,부탁,0,부탁,답변 부탁,큰 문제는 아니지만 그래도 몇가지 궁금한 점을 요약해봤습니다.잠시 답변 부탁드립니다.수고하세요.
137,1,1,부탁,0,부탁,신뢰를 잃지 않는 사업,한결같은 마음으로 한자리를 고수하고 있는 오랜 가게처럼 신뢰를 잃지 않는 사업 이끌어 가시길 기원합니다.조만간 또 연락드리지요.
138,1,1,부탁,0,부탁,진실한 마음이 통하는 친구,친구는 점점 많아지지만 결국은 한두 명만 남게 되는 법입니다.진실한 마음만이 통하게 되겠지요.그 마음이 전달되었으면 좋겠습니다.
139,1,1,부탁,0,부탁,실수를 통해 쌓는 경험,누구나 처음엔 실수를 통해 경험을 쌓게 되는 것입니다.작은 실수라도 꼭 보고하고 솔직한 모습을 보여주시기 바랍니다.
140,1,1,부탁,0,부탁,빗소리가 하루 종일 귀를 울리는 장마,장마가 끝날 줄 모르고 이어져 하루 종일 빗소리가 귀에 울리네요.지겨운 장마가 끝나고 화창하게 개인 날 함께 시원한 곳으로 하루 소풍 가는 거 어떠세요?날이 개이면 연락주세요...
141,1,1,부탁,0,부탁,추워진 날씨에 얇게 입고 온 봄옷,갑자기 추워진 날씨에 얇게 입고 온 봄옷이 원망스럽네요.요청드린 견적서 보내주시길 바라며 따뜻한 하루 보내시기 바랍니다.수고하세요.
142,1,1,부탁,0,부탁,눈이 꽁꽁 언 도로,어제 내릴 눈이 그대로 꽁꽁 얼어서 도로가 다 빙판길입니다.될수록 차를 가지고 나가지 않았으면 좋겠어요.그럼 오늘도 즐겁게...
143,1,1,부탁,0,부탁,봄날을 망치는 황사,봄날을 망치는 황사에 하늘이 온통 뿌옇게 먼지만 떠다니고 있네요.꼭 마스크 쓰시고 외출하시고 손발 깨끗이 씻는 거 잊지마세요.좋은 하루 보내십시오.
144,1,1,부탁,0,부탁,차가 많이 밀리는 주말,내일은 주말이라 차가 많이 밀릴 듯 합니다.제가 조금 늦더라도 양해해주세요. 최대한 빨리 가겠습니다.그럼 이만.
145,1,1,부탁,0,부탁,점점 거세지는 빗발,내리는 빗발은 점점 거세지고 도로의 차들은 천천히 움직이고 있습니다.오늘 저녁엔 일찍 귀가하셔서 가족들과 즐거운 시간 보내시기 바랍니다.수고하셨습니다.
146,1,1,부탁,0,부탁,쌀쌀한 바람이 불어와 목덜미가 서늘하게 느껴지는 늦가을,쌀쌀한 바람이 불어와 목덜미가 서늘하게 느껴지는 늦가을입니다.다가올 겨울도 지금처럼 즐겁게 보내셨으면 합니다.감사합니다.
147,1,1,부탁,0,부탁,편안한 선생님,늘 부탁만 드리는 모습에 면목이 없습니다.그래도 선생님이 저에겐 참 편안한 분입니다.항상 감사드립니다.
148,1,1,부탁,0,부탁,급격하게 추워진 날씨,급격하게 추워진 날씨에 가을은 하루 아침에 멀리 떠나간 듯 보입니다.건강 주의하시고 편안한 하루 되십시오.
149,1,1,부탁,0,부탁,새해 여러 가지 계획과 다짐,새해가 되니 여러 가지 계획과 다짐이 생겨납니다.하나만이라도 끝까지 지켜나가는 모습 함께 만들어갔으면 합니다.좋은 하루 되세요.
150,1,1,부탁,0,부탁,흰 눈이 내려온 연말,흰 눈이 내려와 연말을 더욱 기쁘게 만들어주네요.새해 복 많이 받으시고 좋은 인연 만들어가시기 바랍니다.
151,1,1,부탁,0,부탁,즐거운 휴가,뜨거운 여름 더위에 지쳐가는 오후입니다.휴가 다녀오시면 다시 한번 뵙고 상의드렸으면 좋겠습니다.즐거운 휴가 보내십시오.
152,1,1,부탁,0,부탁,가을을 타는 고독한 마음,비가 내려와 가을을 타는 마음을 더욱 고독하게 하는 오후입니다.저녁에 시간 되시면 술 한잔 함께 하고 싶네요.답장 기다리겠습니다.
153,1,1,부탁,0,부탁,철저한 준비 자료,이번 회의에는 많은 분들이 오실 듯 합니다.철저한 준비 자료 부탁드립니다.피곤하겠지만 이번 주까지만 수고하세요.
154,1,1,부탁,0,부탁,방명록에 인사를 남기는 부탁,새로 다시 만든 홈페이지가 어떨지 모르겠네요.오셔서 방명록에 인사라도 남겨주시면 좋겠습니다.그럼 게시판에서 뵈요.
155,1,1,부탁,0,부탁,처음 찾아가는 길,마음은 기대감에 차 있지만 처음 찾아가는 길이라 헤맬 것 같네요.내일 찾아뵈면 안내 좀 부탁드립니다.그럼 즐거운 저녁 되세요.
156,1,1,부탁,0,부탁,졸음이 몰려오는 오후,봄바람이 살살 불어와 졸음이 몰려오는 오후입니다.부탁드린 작업 천천히 하시면서 마감만 지켜주시기 바랍니다.수고하세요.
157,1,1,부탁,0,부탁,열대야로 늦게 자는 밤,열대야로 오늘도 늦게 잘 거 같아요.내일 아침에 잊지말고 꼭 전화 부탁합니다.안녕히 주무세요.
158,1,1,부탁,0,부탁,해외 여행 사진,해외 여행 가시면 멋진 사진 많이 보여주세요.잘 다녀오시고요.
159,1,1,부탁,0,부탁,약속을 미룬 것에 대한 죄송함,내일 뵙기로 한 약속을 미뤄서 죄송합니다.다음 주엔 제가 미리 나가 있을게요.이해해주셔서 감사합니다.
160,1,1,부탁,0,부탁,시간 약속,내일 서점에 들려서 관련 도서를 구매하느라 조금 늦을 듯 싶습니다.죄송하지만 30분 정도만 시간을 늦췄으면 합니다.준비하지 못한 부분이 있어 그러니 이해해주세요.감사합니다.
161,1,1,부탁,0,부탁,추운 겨울,추운 겨울을 나느라고 여기저기 주변에 감기 걸린 분들이 많네요.따뜻한 옷차림과 짧은 운동이라도 하면서 건강하게 겨울 나시기 바랍니다.
162,1,1,부탁,0,부탁,작업실,도착하면 바로 작업실로 가실 거라서 바쁘겠지만그래도 잠시 전화로 상황을 알려주시면 기다리지 않고 마음을 놓을 수 있을 것 같습니다.꼭 연락 부탁드립니다.
163,1,1,부탁,0,부탁,주말,내일 주말인데 늦게 일어나셔도 되는 날을 저희 때문에 일찍 일어나셔서먼길 오실 것을 생각하니 마음이 무겁습니다.길 조심해서 천천히 오시고 오실 때 꼭 연락주십시오.
164,1,1,부탁,0,부탁,고향,마음은 벌써 고향에 가있는데 아직 며칠이나 남았네요.제가 가 있는 동안 우리 흰둥이 잘 부탁드립니다.바쁘실텐데 돌봐주셔서 감사합니다.
165,1,1,부탁,0,부탁,넓은 마음,문득 찾아뵙기를 희망했습니다만 그래도 마음 한 켠이 무거운 건아직 답변을 못 받았기 때문이라 봅니다.넓은 마음으로 양해해주시고 답장 한 통 부탁드립니다.감사합니다.
166,1,1,부탁,0,부탁,여름밤,쉽게 잠들기 어려운 여름밤입니다.덥다고 술 마시지 마시고 시원하게 샤워라도 한 후에 편히 주무시기 바랍니다.좋은 밤 되십시오.
167,1,1,부탁,0,부탁,옛 사진,옛 사진 속의 웃는 당신의 예쁜 얼굴을 지금도 그대로 간직하고 있어 다행이라고 봅니다.아름다운 마음으로 그 순수했던 시간을 언제나 지켜주세요.
168,1,1,부탁,0,부탁,옛 궁궐,가을의 넉넉함을 느끼며 옛 궁궐을 산책하는 오후를 만들어보시기 바랍니다.한결 기분이 나아질 겁니다. 그럼 또 연락드리지요.
169,1,1,부탁,0,부탁,가을의 시원함,가만히 있어도 땀이 흐르는 더위가 있어 가을의 시원함을 고마워할 수 있을 것입니다.참고 견디는 시간이 흐르고 난 뒤의 행복을 맛보시길 기원하면서 이만 줄이겠습니다.
